{
 "Debug info": "+917480059372",
 "Description": "2.20.123",
 "Version": "2.20.123",
 "App": "com.aerolla",
 "LC": "GB",
 "LG": "en",
 "Context": "settings\/about",
 "Carrier": "Idea",
 "Manufacturer": "Xiaomi",
 "Model": "Redmi 5",
 "CPU ABI": "arm64-v8a",
 "OS": "8.1.0",
 "Socket Conn": "DN",
 "Radio MCC-MNC": "405-70",
 "SIM MCC-MNC": "405-70",
 "Free Space Built-In": "3238952960 (3.24 GB)",
 "Free Space Removable": "3238924288 (3.24 GB)",
 "FAQ Results Returned": 10,
 "FAQ Results Read": 0,
 "Smb count": "31",
 "Ent count": "0",
 "CCode": "91 7480059372",
 "Target": "release",
 "Product": "rosy",
 "Device": "rosy",
 "Build": "CUSTOMER_VERSION_rosy",
 "Board": "msm8953",
 "Kernel": "Unknown release unknown version",
 "Connection": "M.O.B.I.L.E. (H.S.P.A.+.)",
 "Device ISO8601": "2020-08-27 11:57:07.063+0530",
 "Phone Type": "G.S.M.",
 "Network Type": "H.S.P.A.+.",
 "Missing Permissions": "android.permission.READ_PHONE_STATE, android.permission.RECEIVE_SMS, android.permission.SYSTEM_ALERT_WINDOW, android.permission.USE_BIOMETRIC, com.samsung.android.providers.context.permission.WRITE_USE_APP_FEATURE_SURVEY, android.permission.ACCESS_COARSE_LOCATION, android.permission.ACCESS_FINE_LOCATION, android.permission.INSTALL_SHORTCUT, android.permission.SEND_SMS, android.permission.REQUEST_INSTALL_PACKAGES, android.permission.FOREGROUND_SERVICE, android.permission.USE_FULL_SCREEN_INTENT, com.sec.android.provider.badge.permission.READ, com.sec.android.provider.badge.permission.WRITE, com.htc.launcher.permission.READ_SETTINGS, com.htc.launcher.permission.UPDATE_SHORTCUT, com.sonyericsson.home.permission.BROADCAST_BADGE, com.sonymobile.home.permission.PROVIDER_INSERT_BADGE, com.huawei.android.launcher.permission.READ_SETTINGS, com.huawei.android.launcher.permission.WRITE_SETTINGS, com.huawei.android.launcher.permission.CHANGE_BADGE, com.whatsapp.sticker.READ, android.permission.CALL_PHONE, android.permission.ANSWER_PHONE_CALLS, android.permission.READ_CALL_LOG",
 "Architecture": "armv8l",
 "Diagnostic Codes": "FE-GDE FE-GDC FE-VIDC ",
 "Network metered": "102:true",
 "Network restricted": "102:false",
 "Data roaming": "false",
 "Tel roaming": "false",
 "Video transcode": "supported",
 "Datacenter": "vll",
 "Screen reader": false,
 "Fingerprint eligible": true,
 "Last local backup time": "2020-08-27 02:00:11.000+0530",
 "Google account added": false
}